{
    "name": "Roboport-modpack",
    "version": "0.0.1",
    "title": "Roboport Modpack",
    "author": "tntmasta",
    "homepage": "",
    "description": "Moar Roboports! More Coverage! All hail our robot overlords?",
    "contact": "Discussion thread",
    "factorio_version": "1.1",
    "dependencies": [
	"base >= 1.1.0",
    "BetterRoboport",
    "? FlyingRoboport",
    "MiniRoboports",
    "Moar_Roboports",
    "Personal-Roboport-Mk3",
    "? Roboport Rechanrge Upgrade",
    "? RoboportBigPole",
    "Roboport_and_Radar_MK2",
    "kizraks-robots"
    ]
}