{
	"name": "Kux-OrbitalIonCannon",
	"version": "2.2.1",
	"factorio_version": "1.1",
	"title": "Orbital Ion Cannon (SE Edition)",
	"author": "kuxynator",
	"homepage": "",
	"dependencies": [
		"base",
		"stdlib",
		"? bobwarfare",
		"? bobpower",
		"? bobtech",
		"? bobelectronics",
		
		"? RampantArsenal",
		"? space-exploration",
		"? 5dim_compatibility",

		"! Orbital Ion Cannon"
	],
	"description": "When you need to call down the thunder to deal with those pesky biters, launch a rocket with an ion cannon into orbit and show the bugs who's boss.\r\nNOTE the version 2.1.x contains an experimental feature, for more see mod portal page. \r\nRepublishing Supercheese's Orbital Ion Cannon 1.8.2\r\nOriginal Homepage: http://www.factorioforums.com/forum/viewtopic.php?f=93&t=17910"
}
