{
    "name": "Module-flexibility",
    "version": "0.0.1",
    "title": "Module Flexibility",
    "author": "tntmasta",
    "homepage": "",
    "description": "Free (or restrict) the use of modules and (optionally) add in lots of new ones.",
    "contact": "Discussion thread",
    "factorio_version": "1.1",
    "dependencies": [
	"base >= 1.1.0",
    "? BeaconMk2",
    "UnrestrictedProductivityModule",
    "freedomformodules",
    "? no-productivity-modules",
    "? Advanced_Sky_Modules",
    "? bobmodules",
    "? CheaperModules",
    "CopyPasteModules",
    "? CustomModules",
    "? DK_Powerful_Modules",
    "modules-t4",
    "? no-productivity-modules",
    "? no_modules",
    "? 5dim_module",
    "? alien-module",
    "? FactorioExtended-Plus-Module",
    "? god-module-Revived",
    "ModuleInserterER"
    ]
}