{
  "name": "bobinserters",
  "version": "1.1.0",
  "factorio_version": "1.1",
  "title": "Bob's Adjustable Inserters mod",
  "author": "Bobingabout",
  "contact": "robertagius@hotmail.com",
  "homepage": "https://forums.factorio.com/viewforum.php?f=51",
  "dependencies": ["base >= 1.1.0"],
  "description": "Adds a GUI for customising inserter pickup/drop positions.\n\nAlso adds hot-keys.\n\nSHIFT + P: Change pickup range (Long inserters technology will allow short/long toggle.)\nSHIFT + O: Change drop range (Long inserters technology will allow short/long toggle.)\nSHIFT + L: Long Inserter toggle (Long inserters technology will allow short/long toggle on both input and output.)\nSHIFT + N: Drop location offset toggle (Near inserters technology will allow near/far side of belt toggle)\nCTRL + R: Change pickup rotation (4 step rotation by default, More inserters technology will unlock additional directions)\nSHIFT + E: Open GUI\n\nAll hotkeys can be remapped, and an option exists to open the GUI at the same time as the standard inserter GUI instead of with a hotkey.\nThis mod also adds in researches to unlock the more adjustment options.\n\nTutorial: https://www.youtube.com/watch?v=Zu9LmpZaVPg"
}
