{
  "name": "RusGoldLocal-AllRussianTranslateMods",
  "version": "0.0.3",
  "title": "RusGoldLocal-AllRussianTranslateMods",
  "author": "ShinobuChun",
  "contact": "Shinobustat@gmail.com",
  "homepage": "",
  "factorio_version": "1.1",
  "date": "2022-05-2",
  "description": "Содержит все переводы популярных и известных авторов модификаций  на русском языке",
  "dependencies": [
"base",
"? boblibrary >= 1.1.0",
"? bobores >= 1.1.0",
"? bobvehicleequipment >= 1.1.0",
"? bobassembly >= 1.1.0",
"? bobelectronics >= 1.1.0",
"? bobenemies >= 1.1.0",
"? bobequipment >= 1.1.0",
"? bobinserters >= 1.1.0",
"? boblibrary >= 1.1.0",
"? boblogistics >= 1.1.0",
"? bobmining >= 1.1.0",
"? bobmodules >= 1.1.0",
"? bobplates >= 1.1.0",
"? bobpower >= 1.1.0",
"? bobrevamp >= 1.1.0",
"? bobtech >= 1.1.0",
"? bobwarfare >= 1.1.0",
"? bobgreenhouse >= 1.1.0",
"? clock >= 1.1.0",
"? rso-mod >= 1.1.0",
"? Squeak Through >= 1.1.0"
           ]
}

