{
  "name": "vtk-armor-reach",
  "version": "1.13.1",
  "title": "VortiK's Armor Reach",
  "author": "VortiK",
  "homepage": "",
  "description": "Makes the armor increase player reach for interaction, build, drop and mine range. Also increase player handcrafting and mining speed and add health bonus. Higher range for higher armor tech. Supports mods : Tiny Armors MK1 & MK2, Power Armor MK3 & MK4, Bob's Warfare Armors, Heavy MK2 & MK3 and Power Armors MK3 & MK4 & MK5. Space Exploration Thruster Suits 1 to 4. Krastorio 2's MK3 & MK4 armors. Shall Suits.",
  "factorio_version": "1.1",
  "dependencies": [
    "base >= 1.1",
    "? Power Armor MK3 >= 0.1.3",
    "? TinyStart >= 0.17.3",
    "? bobwarfare >= 0.17.10",
    "? space-exploration >= 0.1.135",
    "? early_construction >= 0.8.0",
    "? Krastorio2 >= 0.9.99",
    "? simply-power-armor-mk3 >= 1.0.2",
    "? SchallSuit >= 1.1.1"
  ]
}