{
	"name": "RusGoldLocal",
	"version": "0.1.0",
	"title": "Russian Modifikal",
	"author": "ShinobuChan",
	"contact": "",
	"homepage": "",
	"factorio_version": "1.1",
	"description": "Перевод модов на русский язык",
	"dependencies": ["base >= 1.0.0",
	 "? jetpack",
	 "? RitnWaterfill",
	 "? aai-signal-transmission",
	 "? equipment-gantry",
	 "? Krastorio2-more-locomotives",
	 "? aai-containers",
	 "? Rocket-Silo-Construction",
	 "? Big_Brother",
	 "? robot_attrition",
	 "? steinios_unlasting_oil"
	  ]
  }
  